x,n,F(x),Math F(x),eps,abs_error
-10.000000,16,-0.8394202052,-0.8390715291,0.0010000000,0.0003486761
-9.900000,16,-0.8894443553,-0.8891911526,0.0010000000,0.0002532027
-9.800000,16,-0.9306095415,-0.9304262721,0.0010000000,0.0001832694
-9.700000,16,-0.9624970880,-0.9623648798,0.0010000000,0.0001322082
-9.600000,16,-0.9847829039,-0.9846878558,0.0010000000,0.0000950481
-9.500000,15,-0.9964310655,-0.9971721562,0.0010000000,0.0007410907
-9.400000,15,-0.9991525717,-0.9996930420,0.0010000000,0.0005404703
-9.300000,15,-0.9918325081,-0.9922253255,0.0010000000,0.0003928173
-9.200000,15,-0.9745591125,-0.9748436214,0.0010000000,0.0002845089
-9.100000,15,-0.9475162712,-0.9477216021,0.0010000000,0.0002053309
-9.000000,15,-0.9109826123,-0.9111302619,0.0010000000,0.0001476496
-8.900000,15,-0.8653294315,-0.8654352092,0.0010000000,0.0001057778
-8.800000,14,-0.8119324222,-0.8110930141,0.0010000000,0.0008394082
-8.700000,14,-0.7492573285,-0.7486466456,0.0010000000,0.0006106829
-8.600000,14,-0.6791626800,-0.6787200473,0.0010000000,0.0004426327
-8.500000,14,-0.6023315114,-0.6020119027,0.0010000000,0.0003196088
-8.400000,14,-0.5195185348,-0.5192886541,0.0010000000,0.0002298807
-8.300000,14,-0.4315415301,-0.4313768450,0.0010000000,0.0001646851
-8.200000,14,-0.3392723596,-0.3391548610,0.0010000000,0.0001174986
-8.100000,14,-0.2436276360,-0.2435441537,0.0010000000,0.0000834823
-8.000000,13,-0.1448096818,-0.1455000338,0.0010000000,0.0006903520
-7.900000,13,-0.0455033621,-0.0460021256,0.0010000000,0.0004987635
-7.800000,13,0.0543142598,0.0539554206,0.0010000000,0.0003588392
-7.700000,13,0.1536309249,0.1533738620,0.0010000000,0.0002570629
-7.600000,13,0.2514431857,0.2512598426,0.0010000000,0.0001833431
-7.500000,13,0.3467654921,0.3466353178,0.0010000000,0.0001301742
-7.400000,13,0.4386393234,0.4385473276,0.0010000000,0.0000919958
-7.300000,12,0.5252968601,0.5260775174,0.0010000000,0.0007806573
-7.200000,12,0.6077894828,0.6083513145,0.0010000000,0.0005618317
-7.100000,12,0.6841441996,0.6845466664,0.0010000000,0.0004024669
-7.000000,12,0.7536153251,0.7539022543,0.0010000000,0.0002869293
-6.900000,12,0.8155215456,0.8157251001,0.0010000000,0.0002035546
-6.800000,12,0.8692538138,0.8693974903,0.0010000000,0.0001436766
-6.700000,12,0.9142822635,0.9143831482,0.0010000000,0.0001008847
-6.600000,11,0.9511153688,0.9502325920,0.0010000000,0.0008827769
-6.500000,11,0.9772199718,0.9765876257,0.0010000000,0.0006323461
-6.400000,11,0.9936355110,0.9931849188,0.0010000000,0.0004505922
-6.300000,11,1.0001779859,0.9998586364,0.0010000000,0.0003193495
-6.200000,11,0.9967671722,0.9965420970,0.0010000000,0.0002250752
-6.100000,11,0.9834261595,0.9832684384,0.0010000000,0.0001577211
-6.000000,11,0.9602801543,0.9601702867,0.0010000000,0.0001098677
-5.900000,11,0.9275544953,0.9274784307,0.0010000000,0.0000760645
-5.800000,10,0.8848090020,0.8855195169,0.0010000000,0.0007105150
-5.700000,10,0.8342098162,0.8347127848,0.0010000000,0.0005029686
-5.600000,10,0.7752120291,0.7755658785,0.0010000000,0.0003538494
-5.500000,10,0.7084224257,0.7086697743,0.0010000000,0.0002473486
-5.400000,10,0.6345211198,0.6346928759,0.0010000000,0.0001717562
-5.300000,10,0.5542558905,0.5543743362,0.0010000000,0.0001184457
-5.200000,10,0.4684355720,0.4685166713,0.0010000000,0.0000810993
-5.100000,9,0.3787736112,0.3779777427,0.0010000000,0.0007958685
-5.000000,9,0.2842208406,0.2836621855,0.0010000000,0.0005586551
-4.900000,9,0.1869016821,0.1865123694,0.0010000000,0.0003893127
-4.800000,9,0.0877682465,0.0874989834,0.0010000000,0.0002692630
-4.700000,9,-0.0122038894,-0.0123886635,0.0010000000,0.0001847740
-4.600000,9,-0.1120267662,-0.1121525269,0.0010000000,0.0001257608
-4.500000,9,-0.2107109335,-0.2107957994,0.0010000000,0.0000848660
-4.400000,8,-0.3082193525,-0.3073328700,0.0010000000,0.0008864825
-4.300000,8,-0.4014145071,-0.4007991721,0.0010000000,0.0006153350
-4.200000,8,-0.4906842387,-0.4902608213,0.0010000000,0.0004234174
-4.100000,8,-0.5751126553,-0.5748239465,0.0010000000,0.0002887087
-4.000000,8,-0.6538386011,-0.6536436209,0.0010000000,0.0001949803
-3.900000,8,-0.7260626663,-0.7259323042,0.0010000000,0.0001303621
-3.800000,8,-0.7910539534,-0.7909677119,0.0010000000,0.0000862415
-3.700000,8,-0.8481564528,-0.8481000317,0.0010000000,0.0000564211
-3.600000,7,-0.8960904851,-0.8967584163,0.0010000000,0.0006679312
-3.500000,7,-0.9360051473,-0.9364566873,0.0010000000,0.0004515400
-3.400000,7,-0.9664964322,-0.9667981926,0.0010000000,0.0003017604
-3.300000,7,-0.9872805498,-0.9874797699,0.0010000000,0.0001992201
-3.200000,7,-0.9981649429,-0.9982947758,0.0010000000,0.0001298329
-3.100000,7,-0.9990516934,-0.9991351503,0.0010000000,0.0000834569
-3.000000,7,-0.9899396307,-0.9899924966,0.0010000000,0.0000528659
-2.900000,6,-0.9716638474,-0.9709581651,0.0010000000,0.0007056823
-2.800000,6,-0.9426869186,-0.9422223407,0.0010000000,0.0004645780
-2.700000,6,-0.9043733121,-0.9040721420,0.0010000000,0.0003011701
-2.600000,6,-0.8570807822,-0.8568887534,0.0010000000,0.0001920288
-2.500000,6,-0.8012638866,-0.8011436155,0.0010000000,0.0001202710
-2.400000,6,-0.7374676021,-0.7373937155,0.0010000000,0.0000738865
-2.300000,6,-0.6663204709,-0.6662760213,0.0010000000,0.0000444497
-2.200000,5,-0.5877953345,-0.5885011173,0.0010000000,0.0007057827
-2.100000,5,-0.5044014430,-0.5048461046,0.0010000000,0.0004446616
-2.000000,5,-0.4158730159,-0.4161468365,0.0010000000,0.0002738207
-1.900000,5,-0.3231251415,-0.3232895669,0.0010000000,0.0001644254
-1.800000,5,-0.2271060749,-0.2272020947,0.0010000000,0.0000960198
-1.700000,5,-0.1287901362,-0.1288444943,0.0010000000,0.0000543581
-1.600000,5,-0.0291698022,-0.0291995223,0.0010000000,0.0000297201
-1.500000,4,0.0701171875,0.0707372017,0.0010000000,0.0006200142
-1.400000,4,0.1696089778,0.1699671429,0.0010000000,0.0003581651
-1.300000,4,0.2673002653,0.2674988286,0.0010000000,0.0001985633
-1.200000,4,0.3622528000,0.3623577545,0.0010000000,0.0001049545
-1.100000,4,0.4535436653,0.4535961214,0.0010000000,0.0000524561
-1.000000,4,0.5402777778,0.5403023059,0.0010000000,0.0000245281
-0.900000,3,0.6223375000,0.6216099683,0.0010000000,0.0007275317
-0.800000,3,0.6970666667,0.6967067093,0.0010000000,0.0003599573
-0.700000,3,0.7650041667,0.7648421873,0.0010000000,0.0001619794
-0.600000,3,0.8254000000,0.8253356149,0.0010000000,0.0000643851
-0.500000,3,0.8776041667,0.8775825619,0.0010000000,0.0000216048
-0.400000,3,0.9210666667,0.9210609940,0.0010000000,0.0000056727
-0.300000,2,0.9550000000,0.9553364891,0.0010000000,0.0003364891
-0.200000,2,0.9800000000,0.9800665778,0.0010000000,0.0000665778
-0.100000,2,0.9950000000,0.9950041653,0.0010000000,0.0000041653
-0.000000,1,1.0000000000,1.0000000000,0.0010000000,0.0000000000
0.100000,2,0.9950000000,0.9950041653,0.0010000000,0.0000041653
0.200000,2,0.9800000000,0.9800665778,0.0010000000,0.0000665778
0.300000,2,0.9550000000,0.9553364891,0.0010000000,0.0003364891
0.400000,3,0.9210666667,0.9210609940,0.0010000000,0.0000056727
0.500000,3,0.8776041667,0.8775825619,0.0010000000,0.0000216048
0.600000,3,0.8254000000,0.8253356149,0.0010000000,0.0000643851
0.700000,3,0.7650041667,0.7648421873,0.0010000000,0.0001619794
0.800000,3,0.6970666667,0.6967067093,0.0010000000,0.0003599573
0.900000,3,0.6223375000,0.6216099683,0.0010000000,0.0007275317
1.000000,4,0.5402777778,0.5403023059,0.0010000000,0.0000245281
1.100000,4,0.4535436653,0.4535961214,0.0010000000,0.0000524561
1.200000,4,0.3622528000,0.3623577545,0.0010000000,0.0001049545
1.300000,4,0.2673002653,0.2674988286,0.0010000000,0.0001985633
1.400000,4,0.1696089778,0.1699671429,0.0010000000,0.0003581651
1.500000,4,0.0701171875,0.0707372017,0.0010000000,0.0006200142
1.600000,5,-0.0291698022,-0.0291995223,0.0010000000,0.0000297201
1.700000,5,-0.1287901362,-0.1288444943,0.0010000000,0.0000543581
1.800000,5,-0.2271060749,-0.2272020947,0.0010000000,0.0000960198
1.900000,5,-0.3231251415,-0.3232895669,0.0010000000,0.0001644254
2.000000,5,-0.4158730159,-0.4161468365,0.0010000000,0.0002738207
2.100000,5,-0.5044014430,-0.5048461046,0.0010000000,0.0004446616
2.200000,5,-0.5877953345,-0.5885011173,0.0010000000,0.0007057827
2.300000,6,-0.6663204709,-0.6662760213,0.0010000000,0.0000444497
2.400000,6,-0.7374676021,-0.7373937155,0.0010000000,0.0000738865
2.500000,6,-0.8012638866,-0.8011436155,0.0010000000,0.0001202710
2.600000,6,-0.8570807822,-0.8568887534,0.0010000000,0.0001920288
2.700000,6,-0.9043733121,-0.9040721420,0.0010000000,0.0003011701
2.800000,6,-0.9426869186,-0.9422223407,0.0010000000,0.0004645780
2.900000,6,-0.9716638474,-0.9709581651,0.0010000000,0.0007056823
3.000000,7,-0.9899396307,-0.9899924966,0.0010000000,0.0000528659
3.100000,7,-0.9990516934,-0.9991351503,0.0010000000,0.0000834569
3.200000,7,-0.9981649429,-0.9982947758,0.0010000000,0.0001298329
3.300000,7,-0.9872805498,-0.9874797699,0.0010000000,0.0001992201
3.400000,7,-0.9664964322,-0.9667981926,0.0010000000,0.0003017604
3.500000,7,-0.9360051473,-0.9364566873,0.0010000000,0.0004515400
3.600000,7,-0.8960904851,-0.8967584163,0.0010000000,0.0006679312
3.700000,8,-0.8481564528,-0.8481000317,0.0010000000,0.0000564211
3.800000,8,-0.7910539534,-0.7909677119,0.0010000000,0.0000862415
3.900000,8,-0.7260626663,-0.7259323042,0.0010000000,0.0001303621
4.000000,8,-0.6538386011,-0.6536436209,0.0010000000,0.0001949803
4.100000,8,-0.5751126553,-0.5748239465,0.0010000000,0.0002887087
4.200000,8,-0.4906842387,-0.4902608213,0.0010000000,0.0004234174
4.300000,8,-0.4014145071,-0.4007991721,0.0010000000,0.0006153350
4.400000,8,-0.3082193525,-0.3073328700,0.0010000000,0.0008864825
4.500000,9,-0.2107109335,-0.2107957994,0.0010000000,0.0000848660
4.600000,9,-0.1120267662,-0.1121525269,0.0010000000,0.0001257608
4.700000,9,-0.0122038894,-0.0123886635,0.0010000000,0.0001847740
4.800000,9,0.0877682465,0.0874989834,0.0010000000,0.0002692630
4.900000,9,0.1869016821,0.1865123694,0.0010000000,0.0003893127
5.000000,9,0.2842208406,0.2836621855,0.0010000000,0.0005586551
5.100000,9,0.3787736112,0.3779777427,0.0010000000,0.0007958685
5.200000,10,0.4684355720,0.4685166713,0.0010000000,0.0000810993
5.300000,10,0.5542558905,0.5543743362,0.0010000000,0.0001184457
5.400000,10,0.6345211198,0.6346928759,0.0010000000,0.0001717562
5.500000,10,0.7084224257,0.7086697743,0.0010000000,0.0002473486
5.600000,10,0.7752120291,0.7755658785,0.0010000000,0.0003538494
5.700000,10,0.8342098162,0.8347127848,0.0010000000,0.0005029686
5.800000,10,0.8848090020,0.8855195169,0.0010000000,0.0007105150
5.900000,11,0.9275544953,0.9274784307,0.0010000000,0.0000760645
6.000000,11,0.9602801543,0.9601702867,0.0010000000,0.0001098677
6.100000,11,0.9834261595,0.9832684384,0.0010000000,0.0001577211
6.200000,11,0.9967671722,0.9965420970,0.0010000000,0.0002250752
6.300000,11,1.0001779859,0.9998586364,0.0010000000,0.0003193495
6.400000,11,0.9936355110,0.9931849188,0.0010000000,0.0004505922
6.500000,11,0.9772199718,0.9765876257,0.0010000000,0.0006323461
6.600000,11,0.9511153688,0.9502325920,0.0010000000,0.0008827769
6.700000,12,0.9142822635,0.9143831482,0.0010000000,0.0001008847
6.800000,12,0.8692538138,0.8693974903,0.0010000000,0.0001436766
6.900000,12,0.8155215456,0.8157251001,0.0010000000,0.0002035546
7.000000,12,0.7536153251,0.7539022543,0.0010000000,0.0002869293
7.100000,12,0.6841441996,0.6845466664,0.0010000000,0.0004024669
7.200000,12,0.6077894828,0.6083513145,0.0010000000,0.0005618317
7.300000,12,0.5252968601,0.5260775174,0.0010000000,0.0007806573
7.400000,13,0.4386393234,0.4385473276,0.0010000000,0.0000919958
7.500000,13,0.3467654921,0.3466353178,0.0010000000,0.0001301742
7.600000,13,0.2514431857,0.2512598426,0.0010000000,0.0001833431
7.700000,13,0.1536309249,0.1533738620,0.0010000000,0.0002570629
7.800000,13,0.0543142598,0.0539554206,0.0010000000,0.0003588392
7.900000,13,-0.0455033621,-0.0460021256,0.0010000000,0.0004987635
8.000000,13,-0.1448096818,-0.1455000338,0.0010000000,0.0006903520
8.100000,14,-0.2436276360,-0.2435441537,0.0010000000,0.0000834823
8.200000,14,-0.3392723596,-0.3391548610,0.0010000000,0.0001174986
8.300000,14,-0.4315415301,-0.4313768450,0.0010000000,0.0001646851
8.400000,14,-0.5195185348,-0.5192886541,0.0010000000,0.0002298807
8.500000,14,-0.6023315114,-0.6020119027,0.0010000000,0.0003196088
8.600000,14,-0.6791626800,-0.6787200473,0.0010000000,0.0004426327
8.700000,14,-0.7492573285,-0.7486466456,0.0010000000,0.0006106829
8.800000,14,-0.8119324222,-0.8110930141,0.0010000000,0.0008394082
8.900000,15,-0.8653294315,-0.8654352092,0.0010000000,0.0001057778
9.000000,15,-0.9109826123,-0.9111302619,0.0010000000,0.0001476496
9.100000,15,-0.9475162712,-0.9477216021,0.0010000000,0.0002053309
9.200000,15,-0.9745591125,-0.9748436214,0.0010000000,0.0002845089
9.300000,15,-0.9918325081,-0.9922253255,0.0010000000,0.0003928173
9.400000,15,-0.9991525717,-0.9996930420,0.0010000000,0.0005404703
9.500000,15,-0.9964310655,-0.9971721562,0.0010000000,0.0007410907
9.600000,16,-0.9847829039,-0.9846878558,0.0010000000,0.0000950481
9.700000,16,-0.9624970880,-0.9623648798,0.0010000000,0.0001322082
9.800000,16,-0.9306095415,-0.9304262721,0.0010000000,0.0001832694
9.900000,16,-0.8894443553,-0.8891911526,0.0010000000,0.0002532027
10.000000,16,-0.8394202052,-0.8390715291,0.0010000000,0.0003486761
